giay,buoc,doan_da_ghi,tong_doan
0.043,QUEUED,0,
0.162,QUEUED,0,
0.274,EXTRACTING,0,
0.368,EXTRACTING,0,
0.462,CHUNKING,0,
0.561,CHUNKING,0,
0.650,CHUNKING,0,
0.738,CHUNKING,0,
0.819,CHUNKING,0,
0.905,CHUNKING,0,
0.983,CHUNKING,0,
1.071,CHUNKING,0,
1.153,CHUNKING,0,
1.236,CHUNKING,0,
1.317,EMBEDDING,64,3840
1.436,EMBEDDING,160,3840
1.515,EMBEDDING,256,3840
1.604,EMBEDDING,352,3840
1.691,EMBEDDING,448,3840
1.776,EMBEDDING,576,3840
1.857,EMBEDDING,672,3840
1.957,EMBEDDING,768,3840
2.048,EMBEDDING,896,3840
2.137,EMBEDDING,992,3840
2.233,EMBEDDING,1120,3840
2.325,EMBEDDING,1216,3840
2.405,EMBEDDING,1312,3840
2.494,EMBEDDING,1408,3840
2.576,EMBEDDING,1504,3840
2.662,EMBEDDING,1632,3840
2.778,EMBEDDING,1728,3840
2.860,EMBEDDING,1856,3840
2.950,EMBEDDING,1920,3840
3.072,EMBEDDING,2048,3840
3.173,EMBEDDING,2112,3840
3.271,EMBEDDING,2240,3840
3.394,EMBEDDING,2368,3840
3.492,EMBEDDING,2464,3840
3.588,EMBEDDING,2592,3840
3.708,EMBEDDING,2688,3840
3.818,EMBEDDING,2784,3840
4.328,EMBEDDING,2880,3840
4.499,EMBEDDING,2944,3840
4.622,EMBEDDING,3008,3840
4.713,EMBEDDING,3136,3840
4.834,EMBEDDING,3232,3840
4.928,EMBEDDING,3328,3840
5.018,EMBEDDING,3392,3840
5.101,EMBEDDING,3488,3840
5.189,EMBEDDING,3584,3840
5.270,EMBEDDING,3712,3840
5.359,EMBEDDING,3808,3840
5.450,DONE,3840,3840
