san,bam_nguon,tp,fp,fn,tn,chinh_xac,do_phu,f1,mat_cau_dung,ty_le_goi_llm
0.0,0.0,12,15,0,85,0.444,1.000,0.615,0,1.000
0.0,0.1,12,19,0,81,0.387,1.000,0.558,4,1.000
0.0,0.2,12,19,0,81,0.387,1.000,0.558,4,1.000
0.0,0.3,12,19,0,81,0.387,1.000,0.558,4,1.000
0.0,0.4,12,20,0,80,0.375,1.000,0.545,4,1.000
0.0,0.5,12,20,0,80,0.375,1.000,0.545,4,1.000
0.0,0.6,12,28,0,72,0.300,1.000,0.462,10,1.000
0.0,0.7,12,32,0,68,0.273,1.000,0.429,13,1.000
0.0,0.8,12,33,0,67,0.267,1.000,0.421,14,1.000
0.0,0.9,12,33,0,67,0.267,1.000,0.421,14,1.000
0.0,1.0,12,33,0,67,0.267,1.000,0.421,14,1.000
0.25,0.0,12,15,0,85,0.444,1.000,0.615,0,1.000
0.25,0.1,12,19,0,81,0.387,1.000,0.558,4,1.000
0.25,0.2,12,19,0,81,0.387,1.000,0.558,4,1.000
0.25,0.3,12,19,0,81,0.387,1.000,0.558,4,1.000
0.25,0.4,12,20,0,80,0.375,1.000,0.545,4,1.000
0.25,0.5,12,20,0,80,0.375,1.000,0.545,4,1.000
0.25,0.6,12,28,0,72,0.300,1.000,0.462,10,1.000
0.25,0.7,12,32,0,68,0.273,1.000,0.429,13,1.000
0.25,0.8,12,33,0,67,0.267,1.000,0.421,14,1.000
0.25,0.9,12,33,0,67,0.267,1.000,0.421,14,1.000
0.25,1.0,12,33,0,67,0.267,1.000,0.421,14,1.000
0.3,0.0,12,15,0,85,0.444,1.000,0.615,0,1.000
0.3,0.1,12,19,0,81,0.387,1.000,0.558,4,1.000
0.3,0.2,12,19,0,81,0.387,1.000,0.558,4,1.000
0.3,0.3,12,19,0,81,0.387,1.000,0.558,4,1.000
0.3,0.4,12,20,0,80,0.375,1.000,0.545,4,1.000
0.3,0.5,12,20,0,80,0.375,1.000,0.545,4,1.000
0.3,0.6,12,28,0,72,0.300,1.000,0.462,10,1.000
0.3,0.7,12,32,0,68,0.273,1.000,0.429,13,1.000
0.3,0.8,12,33,0,67,0.267,1.000,0.421,14,1.000
0.3,0.9,12,33,0,67,0.267,1.000,0.421,14,1.000
0.3,1.0,12,33,0,67,0.267,1.000,0.421,14,1.000
0.35,0.0,12,15,0,85,0.444,1.000,0.615,0,1.000
0.35,0.1,12,19,0,81,0.387,1.000,0.558,4,1.000
0.35,0.2,12,19,0,81,0.387,1.000,0.558,4,1.000
0.35,0.3,12,19,0,81,0.387,1.000,0.558,4,1.000
0.35,0.4,12,20,0,80,0.375,1.000,0.545,4,1.000
0.35,0.5,12,20,0,80,0.375,1.000,0.545,4,1.000
0.35,0.6,12,28,0,72,0.300,1.000,0.462,10,1.000
0.35,0.7,12,32,0,68,0.273,1.000,0.429,13,1.000
0.35,0.8,12,33,0,67,0.267,1.000,0.421,14,1.000
0.35,0.9,12,33,0,67,0.267,1.000,0.421,14,1.000
0.35,1.0,12,33,0,67,0.267,1.000,0.421,14,1.000
0.4,0.0,12,15,0,85,0.444,1.000,0.615,0,1.000
0.4,0.1,12,19,0,81,0.387,1.000,0.558,4,1.000
0.4,0.2,12,19,0,81,0.387,1.000,0.558,4,1.000
0.4,0.3,12,19,0,81,0.387,1.000,0.558,4,1.000
0.4,0.4,12,20,0,80,0.375,1.000,0.545,4,1.000
0.4,0.5,12,20,0,80,0.375,1.000,0.545,4,1.000
0.4,0.6,12,28,0,72,0.300,1.000,0.462,10,1.000
0.4,0.7,12,32,0,68,0.273,1.000,0.429,13,1.000
0.4,0.8,12,33,0,67,0.267,1.000,0.421,14,1.000
0.4,0.9,12,33,0,67,0.267,1.000,0.421,14,1.000
0.4,1.0,12,33,0,67,0.267,1.000,0.421,14,1.000
0.42,0.0,12,15,0,85,0.444,1.000,0.615,0,0.991
0.42,0.1,12,19,0,81,0.387,1.000,0.558,4,0.991
0.42,0.2,12,19,0,81,0.387,1.000,0.558,4,0.991
0.42,0.3,12,19,0,81,0.387,1.000,0.558,4,0.991
0.42,0.4,12,20,0,80,0.375,1.000,0.545,4,0.991
0.42,0.5,12,20,0,80,0.375,1.000,0.545,4,0.991
0.42,0.6,12,28,0,72,0.300,1.000,0.462,10,0.991
0.42,0.7,12,32,0,68,0.273,1.000,0.429,13,0.991
0.42,0.8,12,33,0,67,0.267,1.000,0.421,14,0.991
0.42,0.9,12,33,0,67,0.267,1.000,0.421,14,0.991
0.42,1.0,12,33,0,67,0.267,1.000,0.421,14,0.991
0.44,0.0,12,17,0,83,0.414,1.000,0.585,1,0.973
0.44,0.1,12,21,0,79,0.364,1.000,0.533,5,0.973
0.44,0.2,12,21,0,79,0.364,1.000,0.533,5,0.973
0.44,0.3,12,21,0,79,0.364,1.000,0.533,5,0.973
0.44,0.4,12,22,0,78,0.353,1.000,0.522,5,0.973
0.44,0.5,12,22,0,78,0.353,1.000,0.522,5,0.973
0.44,0.6,12,30,0,70,0.286,1.000,0.444,11,0.973
0.44,0.7,12,34,0,66,0.261,1.000,0.414,14,0.973
0.44,0.8,12,35,0,65,0.255,1.000,0.407,15,0.973
0.44,0.9,12,35,0,65,0.255,1.000,0.407,15,0.973
0.44,1.0,12,35,0,65,0.255,1.000,0.407,15,0.973
0.46,0.0,12,17,0,83,0.414,1.000,0.585,1,0.973
0.46,0.1,12,21,0,79,0.364,1.000,0.533,5,0.973
0.46,0.2,12,21,0,79,0.364,1.000,0.533,5,0.973
0.46,0.3,12,21,0,79,0.364,1.000,0.533,5,0.973
0.46,0.4,12,22,0,78,0.353,1.000,0.522,5,0.973
0.46,0.5,12,22,0,78,0.353,1.000,0.522,5,0.973
0.46,0.6,12,30,0,70,0.286,1.000,0.444,11,0.973
0.46,0.7,12,34,0,66,0.261,1.000,0.414,14,0.973
0.46,0.8,12,35,0,65,0.255,1.000,0.407,15,0.973
0.46,0.9,12,35,0,65,0.255,1.000,0.407,15,0.973
0.46,1.0,12,35,0,65,0.255,1.000,0.407,15,0.973
0.48,0.0,12,20,0,80,0.375,1.000,0.545,4,0.902
0.48,0.1,12,24,0,76,0.333,1.000,0.500,8,0.902
0.48,0.2,12,24,0,76,0.333,1.000,0.500,8,0.902
0.48,0.3,12,24,0,76,0.333,1.000,0.500,8,0.902
0.48,0.4,12,25,0,75,0.324,1.000,0.490,8,0.902
0.48,0.5,12,25,0,75,0.324,1.000,0.490,8,0.902
0.48,0.6,12,33,0,67,0.267,1.000,0.421,14,0.902
0.48,0.7,12,37,0,63,0.245,1.000,0.393,17,0.902
0.48,0.8,12,38,0,62,0.240,1.000,0.387,18,0.902
0.48,0.9,12,38,0,62,0.240,1.000,0.387,18,0.902
0.48,1.0,12,38,0,62,0.240,1.000,0.387,18,0.902
0.5,0.0,12,21,0,79,0.364,1.000,0.533,5,0.866
0.5,0.1,12,24,0,76,0.333,1.000,0.500,8,0.866
0.5,0.2,12,24,0,76,0.333,1.000,0.500,8,0.866
0.5,0.3,12,24,0,76,0.333,1.000,0.500,8,0.866
0.5,0.4,12,25,0,75,0.324,1.000,0.490,8,0.866
0.5,0.5,12,25,0,75,0.324,1.000,0.490,8,0.866
0.5,0.6,12,33,0,67,0.267,1.000,0.421,14,0.866
0.5,0.7,12,37,0,63,0.245,1.000,0.393,17,0.866
0.5,0.8,12,38,0,62,0.240,1.000,0.387,18,0.866
0.5,0.9,12,38,0,62,0.240,1.000,0.387,18,0.866
0.5,1.0,12,38,0,62,0.240,1.000,0.387,18,0.866
0.55,0.0,12,27,0,73,0.308,1.000,0.471,9,0.768
0.55,0.1,12,30,0,70,0.286,1.000,0.444,12,0.768
0.55,0.2,12,30,0,70,0.286,1.000,0.444,12,0.768
0.55,0.3,12,30,0,70,0.286,1.000,0.444,12,0.768
0.55,0.4,12,31,0,69,0.279,1.000,0.436,12,0.768
0.55,0.5,12,31,0,69,0.279,1.000,0.436,12,0.768
0.55,0.6,12,37,0,63,0.245,1.000,0.393,17,0.768
0.55,0.7,12,41,0,59,0.226,1.000,0.369,20,0.768
0.55,0.8,12,42,0,58,0.222,1.000,0.364,21,0.768
0.55,0.9,12,42,0,58,0.222,1.000,0.364,21,0.768
0.55,1.0,12,42,0,58,0.222,1.000,0.364,21,0.768
0.6,0.0,12,39,0,61,0.235,1.000,0.381,19,0.625
0.6,0.1,12,42,0,58,0.222,1.000,0.364,22,0.625
0.6,0.2,12,42,0,58,0.222,1.000,0.364,22,0.625
0.6,0.3,12,42,0,58,0.222,1.000,0.364,22,0.625
0.6,0.4,12,43,0,57,0.218,1.000,0.358,22,0.625
0.6,0.5,12,43,0,57,0.218,1.000,0.358,22,0.625
0.6,0.6,12,49,0,51,0.197,1.000,0.329,27,0.625
0.6,0.7,12,53,0,47,0.185,1.000,0.312,30,0.625
0.6,0.8,12,54,0,46,0.182,1.000,0.308,31,0.625
0.6,0.9,12,54,0,46,0.182,1.000,0.308,31,0.625
0.6,1.0,12,54,0,46,0.182,1.000,0.308,31,0.625
